"STATION","NAME","DATE","CDSD","CLDD","DT00","DT32","DX32","DX70","DX90","EMNT","EMXT","HDSD","HTDD","PRCP","TAVG","TMAX","TMIN"
"IDM00096839","ACHMAD YANI, ID","2022-02",,,,,"0","25","6",,"94",,,,,"88.2",
"IDM00096839","ACHMAD YANI, ID","2022-04",,,,,"0","26","16",,"95",,,,,"90.5",
"IDM00096839","ACHMAD YANI, ID","2022-05",,,,,"0","29","21",,"94",,,,,"90.8",
"IDM00096839","ACHMAD YANI, ID","2022-06",,,,,"0","30","18",,"93",,,,,"90.2",
"IDM00096839","ACHMAD YANI, ID","2022-07",,,,,"0","31","28",,"94",,,,,"91.5",
"IDM00096839","ACHMAD YANI, ID","2022-08",,,,,"0","30","27",,"94",,,,,"92.0",
"IDM00096839","ACHMAD YANI, ID","2022-09",,,,,"0","29","26",,"97",,,,,"92.9",
"IDM00096839","ACHMAD YANI, ID","2022-10",,,,,"0","27","14",,"92",,,,,"89.5",
"IDM00097096","KASIGUNCU, ID","2022-01",,,,,"0","28","10",,"91",,,,,"89.0",
"IDM00097096","KASIGUNCU, ID","2022-02",,,,,"0","24","13",,"91",,,,,"89.3",
"IDM00097096","KASIGUNCU, ID","2022-03",,,,,"0","29","14",,"92",,,,,"89.6",
"IDM00097096","KASIGUNCU, ID","2022-04",,,,,"0","29","23",,"92",,,,,"90.3",
"IDM00097096","KASIGUNCU, ID","2022-05",,,,,"0","30","19",,"93",,,,,"90.0",
"IDM00097096","KASIGUNCU, ID","2022-06",,,,,"0","30","19",,"93",,,,,"90.0",
"IDM00097096","KASIGUNCU, ID","2022-07",,,,,"0","30","10",,"92",,,,,"89.0",
"IDM00097096","KASIGUNCU, ID","2022-08",,,,,"0","31","12",,"93",,,,,"89.4",
"IDM00097096","KASIGUNCU, ID","2022-09",,,,,"0","29","13",,"95",,,,,"89.5",
"IDM00097096","KASIGUNCU, ID","2022-10",,,,,"0","27","14",,"91",,,,,"89.7",
"IDM00096685","SYAMSUDIN NOOR, ID","2022-03",,,,,"0","27","14",,"95",,,,,"89.7",
"IDM00096685","SYAMSUDIN NOOR, ID","2022-04",,,,,"0","26","18",,"96",,,,,"91.1",
"IDM00096685","SYAMSUDIN NOOR, ID","2022-05",,,,,"0","27","20",,"95",,,,,"90.7",
"IDM00096685","SYAMSUDIN NOOR, ID","2022-06",,,,,"0","28","16",,"94",,,,,"89.8",
"IDM00096685","SYAMSUDIN NOOR, ID","2022-07",,,,,"0","26","13",,"93",,,,,"89.0",
"IDM00096685","SYAMSUDIN NOOR, ID","2022-08",,,,,"0","26","16",,"96",,,,,"89.7",
"IDM00096685","SYAMSUDIN NOOR, ID","2022-09",,,,,"0","27","15",,"95",,,,,"89.4",
"IDM00096685","SYAMSUDIN NOOR, ID","2022-10",,,,,"0","28","10",,"94",,,,,"88.6",
"IDM00097378","ROTE BAA LEKUNIK, ID","2022-03",,,,,"0","29","10",,"92",,,,,"89.3",
"IDM00097378","ROTE BAA LEKUNIK, ID","2022-04",,,,,"0","28","23",,"95",,,,,"91.0",
"IDM00097378","ROTE BAA LEKUNIK, ID","2022-05",,,,,"0","28","17",,"92",,,,,"89.7",
"IDM00097378","ROTE BAA LEKUNIK, ID","2022-06",,,,,"0","28","12",,"93",,,,,"88.8",
"IDM00097378","ROTE BAA LEKUNIK, ID","2022-07",,,,,"0","29","0",,"86",,,,,"83.5",
"IDM00097378","ROTE BAA LEKUNIK, ID","2022-08",,,,,"0","31","4",,"92",,,,,"87.2",
"IDM00097378","ROTE BAA LEKUNIK, ID","2022-09",,,,,"0","28","13",,"94",,,,,"89.7",
"IDM00097378","ROTE BAA LEKUNIK, ID","2022-10",,,,,"0","29","14",,"93",,,,,"89.9",
"ID000097560","BIAK FRANS KAISIEPO, ID","2022-01",,,,,"0","27","0",,"89",,,,,"86.4",
"ID000097560","BIAK FRANS KAISIEPO, ID","2022-02",,,,,"0","28","0",,"89",,,,,"85.8",
"ID000097560","BIAK FRANS KAISIEPO, ID","2022-03",,,,,"0","31","0",,"89",,,,,"86.7",
"ID000097560","BIAK FRANS KAISIEPO, ID","2022-04",,,,,"0","29","1",,"90",,,,,"86.9",
"ID000097560","BIAK FRANS KAISIEPO, ID","2022-05",,,,,"0","29","2",,"90",,,,,"87.0",
"ID000097560","BIAK FRANS KAISIEPO, ID","2022-06",,,,,"0","29","0",,"89",,,,,"86.9",
"ID000097560","BIAK FRANS KAISIEPO, ID","2022-07",,,,,"0","31","0",,"88",,,,,"85.3",
"ID000097560","BIAK FRANS KAISIEPO, ID","2022-08",,,,,"0","27","0",,"89",,,,,"86.1",
"IDM00096001","MAIMUN SALEH, ID","2022-01","410","410","0","0","0","28","0","72","89",,"0",,"80.7","86.4","75.0"
"IDM00096001","MAIMUN SALEH, ID","2022-02",,,,,"0","27","0",,"90",,,,,"86.5",
"IDM00096001","MAIMUN SALEH, ID","2022-03",,,,,"0","31","3",,"91",,,,,"87.4",
"IDM00096001","MAIMUN SALEH, ID","2022-04",,"490","0","0","0","29","12","73","93",,"0",,"82.5","89.3","75.8"
"IDM00096001","MAIMUN SALEH, ID","2022-05",,,,,"0","30","21",,"95",,,,,"90.7",
"IDM00096001","MAIMUN SALEH, ID","2022-06",,,,,"0","30","9",,"93",,,,,"88.3",
"IDM00096001","MAIMUN SALEH, ID","2022-07",,,,,"0","31","11",,"92",,,,,"88.5",
"IDM00096001","MAIMUN SALEH, ID","2022-08",,,,,"0","30","10",,"91",,,,,"88.6",
"IDM00096001","MAIMUN SALEH, ID","2022-09",,,,,"0","30","13",,"93",,,,,"88.9",
"IDM00096001","MAIMUN SALEH, ID","2022-10",,,,,"0","30","3",,"90",,,,,"86.6",
"IDM00097530","RENDANI, ID","2022-01",,,,,"0","26","12",,"92",,,,,"89.3",
"IDM00097530","RENDANI, ID","2022-02",,,"0","0","0","24","11","74","92",,,,"82.5","89.1","75.9"
"IDM00097530","RENDANI, ID","2022-03",,,,,"0","27","16",,"93",,,,,"89.9",
"IDM00097530","RENDANI, ID","2022-04",,,,,"0","26","14",,"93",,,,,"89.3",
"IDM00097530","RENDANI, ID","2022-05",,,,,"0","29","19",,"93",,,,,"90.4",
"IDM00097530","RENDANI, ID","2022-06",,,,,"0","28","16",,"92",,,,,"89.7",
"IDM00097530","RENDANI, ID","2022-07",,,,,"0","29","12",,"91",,,,,"88.4",
"IDM00097530","RENDANI, ID","2022-08",,,,,"0","28","14",,"92",,,,,"89.3",
"IDM00097530","RENDANI, ID","2022-09",,,,,"0","27","18",,"93",,,,,"90.3",
"IDM00097530","RENDANI, ID","2022-10",,,,,"0","27","23",,"94",,,,,"91.2",
"ID000096073","SIBOLGA PINANGSORI, ID","2022-01","464","464","0","0","0","31","23","68","94",,"0",,"80.9","90.8","70.9"
"ID000096073","SIBOLGA PINANGSORI, ID","2022-02","852","388","0","0","0","26","20","67","94",,"0",,"80.5","90.8","70.2"
"ID000096073","SIBOLGA PINANGSORI, ID","2022-03",,,"0","0","0","28","17","65","94",,,,"80.5","90.6","70.5"
"ID000096073","SIBOLGA PINANGSORI, ID","2022-04",,"477","0","0","0","29","22","69","94",,"0",,"81.4","91.1","71.8"
"ID000096073","SIBOLGA PINANGSORI, ID","2022-05",,,,,"0","30","18",,"94",,,,,"89.9",
"ID000096073","SIBOLGA PINANGSORI, ID","2022-06",,"396","0","0","0","29","10","68","92",,"0",,"80.1","88.8","71.5"
"ID000096073","SIBOLGA PINANGSORI, ID","2022-07",,"443","0","0","0","29","20","69","93","0","0",,"81.1","89.7","72.4"
"ID000096073","SIBOLGA PINANGSORI, ID","2022-08",,"424","0","0","0","30","20","68","92","0","0",,"80.6","89.8","71.3"
"ID000096073","SIBOLGA PINANGSORI, ID","2022-09",,,"0","0","0","26","13","68","92",,,,"80.4","89.3","71.5"
"ID000096073","SIBOLGA PINANGSORI, ID","2022-10",,,,,"0","29","7",,"92",,,,,"88.0",
"IDM00096087","BATAM HANG NADIM, ID","2022-01","484","484","0","0","0","31","1","72","90",,"0",,"82.3","88.0","76.6"
"IDM00096087","BATAM HANG NADIM, ID","2022-02","862","378","0","0","0","28","0","72","90",,"0",,"81.4","86.9","75.9"
"IDM00096087","BATAM HANG NADIM, ID","2022-03",,,,,"0","31","13",,"93",,,,,"89.3",
"IDM00096087","BATAM HANG NADIM, ID","2022-04",,"457","0","0","0","29","14","73","93",,"0",,"82.7","89.3","76.1"
"IDM00096087","BATAM HANG NADIM, ID","2022-06",,,,,"0","30","4",,"92",,,,,"87.2",
"IDM00096087","BATAM HANG NADIM, ID","2022-07",,,,,"0","31","12",,"91",,,,,"89.0",
"IDM00096087","BATAM HANG NADIM, ID","2022-08",,,,,"0","30","7",,"92",,,,,"88.4",
"IDM00096087","BATAM HANG NADIM, ID","2022-09",,,,,"0","30","3",,"90",,,,,"87.6",
"IDM00096087","BATAM HANG NADIM, ID","2022-10",,,,,"0","30","5",,"91",,,,,"87.4",
"IDM00097570","SERUI YENDOSA, ID","2022-04",,,,,"0","25","15",,"93",,,,,"89.5",
"IDM00096529","KALIMARU, ID","2022-01",,,,,"0","31","13",,"94",,,,,"88.3",
"IDM00096529","KALIMARU, ID","2022-02",,,,,"0","24","10",,"94",,,,,"88.6",
"IDM00096529","KALIMARU, ID","2022-03",,,,,"0","31","20",,"96",,,,,"91.5",
"IDM00096529","KALIMARU, ID","2022-04",,,,,"0","29","20",,"96",,,,,"91.6",
"IDM00096529","KALIMARU, ID","2022-05",,,,,"0","30","26",,"97",,,,,"92.6",
"IDM00096529","KALIMARU, ID","2022-06",,,,,"0","30","28",,"95",,,,,"92.4",
"IDM00096529","KALIMARU, ID","2022-07",,,,,"0","30","23",,"95",,,,,"91.2",
"IDM00096529","KALIMARU, ID","2022-08",,,,,"0","31","21",,"98",,,,,"90.9",
"IDM00096529","KALIMARU, ID","2022-09",,,,,"0","28","22",,"96",,,,,"91.4",
"IDM00096529","KALIMARU, ID","2022-10",,,,,"0","29","21",,"96",,,,,"91.1",
"ID000097724","AMBON PATTIMURA, ID","2022-01",,,,,"0","26","17",,"94",,,,,"90.5",
"IDM00096009","MALIKUS SALEH, ID","2022-01",,,,,"0","29","1",,"94",,,,,"87.3",
"IDM00096009","MALIKUS SALEH, ID","2022-02",,,"0","0","0","25","0","70","90",,,,"80.0","87.0","72.9"
"IDM00096009","MALIKUS SALEH, ID","2022-03",,,"0","0","0","28","4","72","91",,,,"80.5","87.6","73.4"
"IDM00096009","MALIKUS SALEH, ID","2022-04",,,"0","0","0","27","4","72","90",,,,"81.1","88.4","73.8"
"IDM00096009","MALIKUS SALEH, ID","2022-05",,,,,"0","30","17",,"93",,,,,"89.9",
"IDM00096009","MALIKUS SALEH, ID","2022-06",,,,,"0","30","5",,"92",,,,,"88.5",
"IDM00096009","MALIKUS SALEH, ID","2022-07",,,,,"0","31","16",,"92",,,,,"89.6",
"IDM00096009","MALIKUS SALEH, ID","2022-08",,"427","0","0","0","31","12","70","93",,"0",,"81.5","89.3","73.6"
"IDM00096009","MALIKUS SALEH, ID","2022-09",,"415","0","0","0","28","4","70","91",,"0",,"80.9","88.4","73.5"
"IDM00096009","MALIKUS SALEH, ID","2022-10",,,,,"0","30","1",,"90",,,,,"86.7",
"IDM00096207","KERINCI DEPATI PARB, ID","2022-01",,,,,"0","30","0",,"88",,,,,"83.9",
"IDM00096207","KERINCI DEPATI PARB, ID","2022-02",,,,,"0","25","0",,"89",,,,,"84.8",
"IDM00096207","KERINCI DEPATI PARB, ID","2022-03",,,"0","0","0","26","0","56","89",,,,"74.8","85.4","64.2"
"IDM00096207","KERINCI DEPATI PARB, ID","2022-04",,"275","0","0","0","28","0","58","89",,"0",,"74.9","85.5","64.4"
"IDM00096207","KERINCI DEPATI PARB, ID","2022-05",,,,,"0","30","1",,"94",,,,,"86.0",
"IDM00096207","KERINCI DEPATI PARB, ID","2022-06",,"242","0","0","0","30","0","63","87",,"0",,"74.5","83.8","65.2"
"IDM00096207","KERINCI DEPATI PARB, ID","2022-07",,,,,"0","31","0",,"88",,,,,"83.7",
"IDM00096207","KERINCI DEPATI PARB, ID","2022-08",,"266","0","0","0","30","0","63","87",,"0",,"74.8","83.5","66.2"
"IDM00096207","KERINCI DEPATI PARB, ID","2022-09",,"238","0","0","0","30","0","63","87",,"0",,"74.0","83.0","65.0"
"IDM00096207","KERINCI DEPATI PARB, ID","2022-10",,,,,"0","30","0",,"86",,,,,"82.5",
"IDM00096525","TANJUNG SELOR, ID","2022-01",,,,,"0","29","8",,"93",,,,,"88.4",
"IDM00096525","TANJUNG SELOR, ID","2022-02",,,,,"0","27","15",,"93",,,,,"88.9",
"IDM00096525","TANJUNG SELOR, ID","2022-03",,,,,"0","30","20",,"95",,,,,"90.9",
"IDM00096525","TANJUNG SELOR, ID","2022-04",,,,,"0","29","20",,"94",,,,,"90.7",
"IDM00096525","TANJUNG SELOR, ID","2022-05",,,,,"0","29","21",,"94",,,,,"90.3",
"IDM00096525","TANJUNG SELOR, ID","2022-06",,,,,"0","30","25",,"95",,,,,"91.5",
"IDM00096525","TANJUNG SELOR, ID","2022-07",,,,,"0","31","21",,"95",,,,,"90.0",
"IDM00096525","TANJUNG SELOR, ID","2022-08",,,,,"0","31","23",,"95",,,,,"90.6",
"IDM00096525","TANJUNG SELOR, ID","2022-09",,,,,"0","30","21",,"95",,,,,"90.9",
"IDM00096525","TANJUNG SELOR, ID","2022-10",,,,,"0","28","20",,"96",,,,,"90.8",
"IDM00096249","H AS HANANDJOEDDIN, ID","2022-01",,,,,"0","29","0",,"89",,,,,"86.7",
"IDM00096249","H AS HANANDJOEDDIN, ID","2022-02",,,,,"0","27","3",,"93",,,,,"87.9",
"IDM00096249","H AS HANANDJOEDDIN, ID","2022-03",,,,,"0","29","8",,"92",,,,,"88.7",
"IDM00096249","H AS HANANDJOEDDIN, ID","2022-04",,,,,"0","26","13",,"92",,,,,"89.2",
"IDM00096249","H AS HANANDJOEDDIN, ID","2022-05",,,,,"0","30","13",,"93",,,,,"89.5",
"IDM00096249","H AS HANANDJOEDDIN, ID","2022-06",,,,,"0","28","6",,"92",,,,,"87.5",
"IDM00096249","H AS HANANDJOEDDIN, ID","2022-07",,,,,"0","30","10",,"91",,,,,"88.2",
"IDM00096249","H AS HANANDJOEDDIN, ID","2022-08",,,,,"0","29","9",,"92",,,,,"88.0",
"IDM00096249","H AS HANANDJOEDDIN, ID","2022-09",,"400","0","0","0","29","8","73","92",,"0",,"80.8","87.8","73.8"
"IDM00096249","H AS HANANDJOEDDIN, ID","2022-10",,,,,"0","30","2",,"91",,,,,"86.7",
"IDM00096645","ISKANDAR, ID","2022-01",,,,,"0","31","23",,"95",,,,,"90.8",
"IDM00096645","ISKANDAR, ID","2022-02",,"412","0","0","0","28","19","72","95",,"0",,"82.1","90.8","73.3"
"IDM00096645","ISKANDAR, ID","2022-03",,,,,"0","31","27",,"95",,,,,"91.9",
"IDM00096645","ISKANDAR, ID","2022-04",,"452","0","0","0","29","23","70","96",,"0",,"82.4","90.9","73.8"
"IDM00096645","ISKANDAR, ID","2022-05",,,,,"0","30","25",,"96",,,,,"91.9",
"IDM00096645","ISKANDAR, ID","2022-06",,,,,"0","30","17",,"93",,,,,"90.0",
"IDM00096645","ISKANDAR, ID","2022-07",,,"0","0","0","30","11","71","94",,,,"81.4","89.1","73.6"
"IDM00096645","ISKANDAR, ID","2022-08",,,,,"0","30","14",,"93",,,,,"89.2",
"IDM00096645","ISKANDAR, ID","2022-09",,"400","0","0","0","30","16","71","92",,"0",,"81.1","88.8","73.5"
"IDM00096645","ISKANDAR, ID","2022-10",,,,,"0","30","13",,"93",,,,,"89.1",
"ID000097686","WAMENA, ID","2022-03",,,"0","0","0","26","0","55","84",,,,"69.7","79.6","59.8"
"ID000097686","WAMENA, ID","2022-04",,,,,"0","28","0",,"84",,,,,"79.2",
"ID000097686","WAMENA, ID","2022-05",,,,,"0","28","0",,"84",,,,,"79.7",
"ID000097686","WAMENA, ID","2022-06",,,,,"0","30","0",,"81",,,,,"79.2",
"ID000097686","WAMENA, ID","2022-07","111","111","0","0","0","31","0","54","83",,"0",,"68.9","78.1","59.8"
"ID000097686","WAMENA, ID","2022-08",,,,,"0","30","0",,"82",,,,,"78.9",
"ID000097686","WAMENA, ID","2022-09",,,,,"0","29","0",,"84",,,,,"79.8",
"ID000097686","WAMENA, ID","2022-10",,,,,"0","25","0",,"85",,,,,"80.7",
"IDM00096607","TEMINDUNG, ID","2022-01","3499","548","0","0","0","31","18","70","93","0","0",,"82.7","89.9","75.5"
"IDM00096607","TEMINDUNG, ID","2022-02","3998","499","0","0","0","28","17","73","95","0","0",,"82.8","89.9","75.8"
"IDM00096607","TEMINDUNG, ID","2022-03","4496","498","0","0","0","30","20","72","95","0","0",,"82.7","90.1","75.3"
"IDM00096607","TEMINDUNG, ID","2022-04","5002","507","0","0","0","29","21","73","95","0","0",,"83.7","91.1","76.3"
"IDM00096607","TEMINDUNG, ID","2022-05","5516","513","0","0","0","29","18","73","94","0","0",,"83.9","90.7","77.2"
"IDM00096607","TEMINDUNG, ID","2022-06","6045","529","0","0","0","30","19","73","95","0","0",,"83.3","90.4","76.2"
"IDM00096607","TEMINDUNG, ID","2022-07","539","539","0","0","0","31","15","74","94","0","0",,"82.9","89.2","76.6"
"IDM00096607","TEMINDUNG, ID","2022-08","1094","555","0","0","0","31","13","73","94","0","0",,"82.9","89.4","76.4"
"IDM00096607","TEMINDUNG, ID","2022-09","1618","524","0","0","0","30","19","74","95","0","0",,"83.1","90.3","76.0"
"IDM00096607","TEMINDUNG, ID","2022-10",,,,,"0","27","20",,"94",,,,,"90.6",
"IDM00096171","JAPURA, ID","2022-01",,"455","0","0","0","31","20","72","94","0","0",,"81.7","89.9","73.5"
"IDM00096171","JAPURA, ID","2022-02",,,"0","0","0","26","18","71","94",,,,"81.6","90.0","73.1"
"IDM00096171","JAPURA, ID","2022-03",,,,,"0","31","25",,"96",,,,,"92.2",
"IDM00096171","JAPURA, ID","2022-04",,,,,"0","29","20",,"95",,,,,"91.0",
"IDM00096171","JAPURA, ID","2022-05",,,,,"0","30","27",,"95",,,,,"92.4",
"IDM00096171","JAPURA, ID","2022-06",,"444","0","0","0","30","21","72","94",,"0",,"82.1","90.5","73.7"
"IDM00096171","JAPURA, ID","2022-07","456","456","0","0","0","31","20","69","95",,"0",,"81.9","90.9","72.9"
"IDM00096171","JAPURA, ID","2022-08",,,,,"0","31","17",,"95",,,,,"90.2",
"IDM00096171","JAPURA, ID","2022-09",,,,,"0","30","19",,"94",,,,,"89.9",
"IDM00096171","JAPURA, ID","2022-10",,,,,"0","30","19",,"96",,,,,"90.2",
"IDM00097260","SUMBAWA BESAR, ID","2022-01",,,,,"0","28","0",,"90",,,,,"87.3",
"IDM00097260","SUMBAWA BESAR, ID","2022-02",,,,,"0","26","1",,"90",,,,,"87.6",
"IDM00097260","SUMBAWA BESAR, ID","2022-03",,,,,"0","31","10",,"95",,,,,"89.1",
"IDM00097260","SUMBAWA BESAR, ID","2022-04",,,,,"0","29","23",,"95",,,,,"91.4",
"IDM00097260","SUMBAWA BESAR, ID","2022-05",,,,,"0","30","27",,"95",,,,,"92.2",
"IDM00097260","SUMBAWA BESAR, ID","2022-06",,,,,"0","29","28",,"94",,,,,"91.7",
"IDM00097260","SUMBAWA BESAR, ID","2022-07",,,,,"0","31","25",,"93",,,,,"90.7",
"IDM00097260","SUMBAWA BESAR, ID","2022-08",,,,,"0","31","31",,"95",,,,,"92.9",
"IDM00097260","SUMBAWA BESAR, ID","2022-09",,,,,"0","30","29",,"97",,,,,"94.5",
"IDM00097260","SUMBAWA BESAR, ID","2022-10",,,,,"0","30","28",,"97",,,,,"92.2",
"IDM00097182","UJANG PANDANG PAOTERE, ID","2022-01",,,,,"0","29","3",,"90",,,,,"86.3",
"IDM00097182","UJANG PANDANG PAOTERE, ID","2022-02",,,,,"0","25","2",,"92",,,,,"87.0",
"IDM00097182","UJANG PANDANG PAOTERE, ID","2022-03",,,,,"0","30","7",,"91",,,,,"88.4",
"IDM00097182","UJANG PANDANG PAOTERE, ID","2022-04",,,,,"0","28","19",,"92",,,,,"90.3",
"IDM00097182","UJANG PANDANG PAOTERE, ID","2022-05",,,,,"0","27","20",,"94",,,,,"90.7",
"IDM00097182","UJANG PANDANG PAOTERE, ID","2022-06",,,,,"0","28","16",,"92",,,,,"89.7",
"IDM00097182","UJANG PANDANG PAOTERE, ID","2022-07",,,,,"0","31","17",,"93",,,,,"90.0",
"IDM00097182","UJANG PANDANG PAOTERE, ID","2022-08",,,,,"0","30","14",,"92",,,,,"89.7",
"IDM00097182","UJANG PANDANG PAOTERE, ID","2022-09",,,,,"0","30","19",,"95",,,,,"90.6",
"IDM00097182","UJANG PANDANG PAOTERE, ID","2022-10",,,,,"0","27","15",,"94",,,,,"90.1",
"IDM00097380","SABU TARDAMU, ID","2022-01",,"471","0","0","0","29","12","74","92","0","0",,"82.5","88.9","76.0"
"IDM00097380","SABU TARDAMU, ID","2022-02",,"442","0","0","0","28","12","71","92","0","0",,"81.8","88.8","74.9"
"IDM00097380","SABU TARDAMU, ID","2022-03",,,"0","0","0","29","19","74","94",,,,"82.9","89.8","76.0"
"IDM00097380","SABU TARDAMU, ID","2022-04",,"499","0","0","0","29","29","72","94",,"0",,"83.5","92.0","75.0"
"IDM00097380","SABU TARDAMU, ID","2022-05",,"518","0","0","0","29","29","71","94",,"0",,"84.9","92.1","77.6"
"IDM00097380","SABU TARDAMU, ID","2022-06",,"540","0","0","0","30","17","74","93",,"0",,"83.6","90.0","77.2"
"IDM00097380","SABU TARDAMU, ID","2022-07",,,,,"0","31","0",,"90",,,,,"87.0",
"IDM00097380","SABU TARDAMU, ID","2022-08",,"450","0","0","0","31","16","64","92",,"0",,"81.6","89.5","73.8"
"IDM00097380","SABU TARDAMU, ID","2022-09",,"488","0","0","0","29","23","71","93",,"0",,"82.4","90.9","74.0"
"IDM00097380","SABU TARDAMU, ID","2022-10",,,,,"0","30","26",,"94",,,,,"91.4",
"IDM00096091","KIJANG, ID","2022-01",,,,,"0","28","0",,"90",,,,,"86.7",
"IDM00096091","KIJANG, ID","2022-02",,,,,"0","27","2",,"90",,,,,"86.7",
"IDM00096091","KIJANG, ID","2022-03",,,,,"0","28","7",,"92",,,,,"88.9",
"IDM00096091","KIJANG, ID","2022-04",,,"0","0","0","28","7","72","91",,,,"81.8","88.2","75.3"
"IDM00096091","KIJANG, ID","2022-05",,,,,"0","29","22",,"93",,,,,"90.0",
"IDM00096091","KIJANG, ID","2022-06",,,,,"0","30","2",,"90",,,,,"86.6",
"IDM00096091","KIJANG, ID","2022-07",,,,,"0","29","11",,"91",,,,,"88.8",
"IDM00096091","KIJANG, ID","2022-08",,,,,"0","30","5",,"91",,,,,"87.6",
"IDM00096091","KIJANG, ID","2022-09",,,,,"0","28","3",,"91",,,,,"87.2",
"IDM00096091","KIJANG, ID","2022-10",,,,,"0","29","1",,"91",,,,,"86.9",
"IDM00097180","HASANUDDIN, ID","2022-01",,,,,"0","27","2",,"91",,,,,"86.7",
"IDM00097180","HASANUDDIN, ID","2022-02",,,,,"0","25","4",,"91",,,,,"87.7",
"IDM00097180","HASANUDDIN, ID","2022-03",,,,,"0","29","14",,"92",,,,,"89.0",
"IDM00097180","HASANUDDIN, ID","2022-04",,,,,"0","28","19",,"95",,,,,"90.5",
"IDM00097180","HASANUDDIN, ID","2022-05",,,,,"0","29","23",,"95",,,,,"90.7",
"IDM00097180","HASANUDDIN, ID","2022-06",,,,,"0","30","15",,"94",,,,,"89.7",
"IDM00097180","HASANUDDIN, ID","2022-07",,,,,"0","31","24",,"94",,,,,"90.6",
"IDM00097180","HASANUDDIN, ID","2022-08",,,,,"0","30","26",,"93",,,,,"91.2",
"IDM00097180","HASANUDDIN, ID","2022-09",,,,,"0","29","24",,"95",,,,,"91.5",
"IDM00097180","HASANUDDIN, ID","2022-10",,,,,"0","28","16",,"94",,,,,"90.3",
"IDM00096015","MEULABOH CUT NYAK, ID","2022-01","465","465","0","0","0","30","15","71","92",,"0",,"81.6","89.5","73.7"
"IDM00096015","MEULABOH CUT NYAK, ID","2022-02","889","425","0","0","0","27","17","71","91",,"0",,"81.2","89.4","73.1"
"IDM00096015","MEULABOH CUT NYAK, ID","2022-03",,,"0","0","0","30","9","72","91",,,,"81.1","88.8","73.4"
"IDM00096015","MEULABOH CUT NYAK, ID","2022-04",,"421","0","0","0","28","13","68","91",,"0",,"81.7","89.5","73.9"
"IDM00096015","MEULABOH CUT NYAK, ID","2022-05",,,"0","0","0","29","17","72","92",,,,"81.7","89.5","73.9"
"IDM00096015","MEULABOH CUT NYAK, ID","2022-06",,"387","0","0","0","29","4","71","91",,"0",,"80.5","88.3","72.7"
"IDM00096015","MEULABOH CUT NYAK, ID","2022-07",,"453","0","0","0","31","14","71","93","0","0",,"81.2","89.2","73.3"
"IDM00096015","MEULABOH CUT NYAK, ID","2022-08",,"453","0","0","0","31","11","70","92","0","0",,"80.6","88.2","72.9"
"IDM00096015","MEULABOH CUT NYAK, ID","2022-09",,"430","0","0","0","30","5","71","91","0","0",,"80.2","88.0","72.4"
"IDM00096015","MEULABOH CUT NYAK, ID","2022-10",,,,,"0","29","1",,"90",,,,,"86.9",
"IDM00096179","DABO, ID","2022-01",,"472","0","0","0","31","14","72","93","0","0",,"81.8","89.5","74.1"
"IDM00096179","DABO, ID","2022-02",,"395","0","0","0","28","9","72","92","0","0",,"81.6","88.6","74.5"
"IDM00096179","DABO, ID","2022-03",,"444","0","0","0","31","13","72","93","0","0",,"82.0","89.8","74.2"
"IDM00096179","DABO, ID","2022-04",,,,,"0","29","10",,"92",,,,,"88.9",
"IDM00096179","DABO, ID","2022-05",,,,,"0","30","16",,"93",,,,,"89.7",
"IDM00096179","DABO, ID","2022-06",,,,,"0","30","2",,"90",,,,,"86.3",
"IDM00096179","DABO, ID","2022-07",,,,,"0","31","4",,"91",,,,,"88.4",
"IDM00096179","DABO, ID","2022-08",,,,,"0","31","6",,"91",,,,,"87.6",
"IDM00096179","DABO, ID","2022-09",,,,,"0","30","1",,"90",,,,,"87.1",
"IDM00096179","DABO, ID","2022-10",,,,,"0","30","2",,"90",,,,,"87.4",
"IDM00097700","NAMLEA BURU ISLAND, ID","2022-01",,,,,"0","27","1",,"90",,,,,"87.3",
"IDM00097700","NAMLEA BURU ISLAND, ID","2022-02",,,,,"0","24","0",,"89",,,,,"86.9",
"IDM00097700","NAMLEA BURU ISLAND, ID","2022-04",,,,,"0","27","3",,"91",,,,,"88.3",
"IDM00097700","NAMLEA BURU ISLAND, ID","2022-05",,,,,"0","29","4",,"93",,,,,"88.8",
"IDM00097700","NAMLEA BURU ISLAND, ID","2022-06",,,,,"0","27","0",,"89",,,,,"87.9",
"IDM00097700","NAMLEA BURU ISLAND, ID","2022-07",,,,,"0","28","0",,"89",,,,,"85.4",
"IDM00097700","NAMLEA BURU ISLAND, ID","2022-08",,,,,"0","28","0",,"89",,,,,"85.8",
"IDM00097700","NAMLEA BURU ISLAND, ID","2022-09",,,,,"0","29","2",,"90",,,,,"87.9",
"IDM00097700","NAMLEA BURU ISLAND, ID","2022-10",,,,,"0","27","9",,"92",,,,,"89.3",
"IDM00096695","KOTABARU SETAGEN, ID","2022-01",,"502","0","0","0","31","13","73","94","0","0",,"82.3","89.5","75.2"
"IDM00096695","KOTABARU SETAGEN, ID","2022-02",,"434","0","0","0","28","9","73","92","0","0",,"81.6","88.0","75.3"
"IDM00096695","KOTABARU SETAGEN, ID","2022-03",,"466","0","0","0","29","17","73","94","0","0",,"83.0","90.4","75.6"
"IDM00096695","KOTABARU SETAGEN, ID","2022-04",,"491","0","0","0","29","21","73","93","0","0",,"83.3","90.3","76.2"
"IDM00096695","KOTABARU SETAGEN, ID","2022-05",,"480","0","0","0","30","20","74","93","0","0",,"83.4","90.3","76.6"
"IDM00096695","KOTABARU SETAGEN, ID","2022-06",,"448","0","0","0","30","9","73","93","0","0",,"81.5","88.1","74.9"
"IDM00096695","KOTABARU SETAGEN, ID","2022-07","429","429","0","0","0","30","1","72","90","0","0",,"80.6","86.5","74.8"
"IDM00096695","KOTABARU SETAGEN, ID","2022-08","863","433","0","0","0","31","4","72","91","0","0",,"80.9","87.2","74.7"
"IDM00096695","KOTABARU SETAGEN, ID","2022-09","1285","423","0","0","0","30","6","72","91","0","0",,"80.8","87.2","74.5"
"IDM00096695","KOTABARU SETAGEN, ID","2022-10",,,,,"0","26","6",,"92",,,,,"87.9",
"IDM00097300","WAI OTI, ID","2022-01",,,,,"0","31","3",,"93",,,,,"86.6",
"IDM00097300","WAI OTI, ID","2022-02",,,,,"0","27","1",,"93",,,,,"87.0",
"IDM00097300","WAI OTI, ID","2022-03",,,,,"0","31","14",,"93",,,,,"89.2",
"IDM00097300","WAI OTI, ID","2022-04",,,,,"0","29","23",,"95",,,,,"91.2",
"IDM00097300","WAI OTI, ID","2022-05",,,,,"0","30","24",,"95",,,,,"91.4",
"IDM00097300","WAI OTI, ID","2022-06",,,,,"0","30","16",,"95",,,,,"90.1",
"IDM00097300","WAI OTI, ID","2022-07",,,,,"0","31","1",,"90",,,,,"87.6",
"IDM00097300","WAI OTI, ID","2022-08",,,,,"0","31","16",,"94",,,,,"89.9",
"IDM00097300","WAI OTI, ID","2022-09",,,,,"0","30","25",,"95",,,,,"91.7",
"IDM00097300","WAI OTI, ID","2022-10",,,,,"0","30","29",,"97",,,,,"93.0",
"ID000097372","KUPANG ELTARI, ID","2022-01",,,,,"0","29","0",,"89",,,,,"86.7",
"ID000097372","KUPANG ELTARI, ID","2022-02",,,,,"0","26","4",,"92",,,,,"86.9",
"ID000097372","KUPANG ELTARI, ID","2022-03",,,,,"0","31","13",,"94",,,,,"89.8",
"ID000097372","KUPANG ELTARI, ID","2022-04",,,,,"0","28","24",,"94",,,,,"91.6",
"ID000097372","KUPANG ELTARI, ID","2022-05",,,,,"0","30","29",,"95",,,,,"91.9",
"ID000097372","KUPANG ELTARI, ID","2022-06",,,,,"0","30","13",,"93",,,,,"89.4",
"ID000097372","KUPANG ELTARI, ID","2022-07",,,,,"0","30","1",,"91",,,,,"86.6",
"ID000097372","KUPANG ELTARI, ID","2022-08",,,,,"0","31","23",,"94",,,,,"90.8",
"ID000097372","KUPANG ELTARI, ID","2022-09",,,,,"0","30","29",,"98",,,,,"92.6",
"ID000097372","KUPANG ELTARI, ID","2022-10",,,,,"0","30","26",,"97",,,,,"92.9",
"IDM00096011","SULTAN ISKANDARMUDA, ID","2022-01",,,"0","0","0","27","14","72","93",,,,"81.5","89.4","73.5"
"IDM00096011","SULTAN ISKANDARMUDA, ID","2022-02",,"399","0","0","0","27","13","72","92",,"0",,"81.5","88.9","74.1"
"IDM00096011","SULTAN ISKANDARMUDA, ID","2022-03",,"465","0","0","0","31","21","72","92",,"0",,"82.3","90.0","74.6"
"IDM00096011","SULTAN ISKANDARMUDA, ID","2022-04",,"472","0","0","0","27","26","71","94",,"0",,"83.1","92.0","74.3"
"IDM00096011","SULTAN ISKANDARMUDA, ID","2022-05",,"513","0","0","0","30","29","73","97",,"0",,"84.6","94.2","75.1"
"IDM00096011","SULTAN ISKANDARMUDA, ID","2022-06",,,"0","0","0","26","18","72","95",,,,"82.5","91.0","73.9"
"IDM00096011","SULTAN ISKANDARMUDA, ID","2022-07",,"485","0","0","0","28","21","69","95","0","0",,"83.0","91.8","74.2"
"IDM00096011","SULTAN ISKANDARMUDA, ID","2022-08",,,,,"0","31","25",,"96",,,,,"91.6",
"IDM00096011","SULTAN ISKANDARMUDA, ID","2022-09",,"447","0","0","0","30","24","70","98",,"0",,"82.7","91.7","73.8"
"IDM00096011","SULTAN ISKANDARMUDA, ID","2022-10",,,,,"0","30","11",,"91",,,,,"88.9",
"IDM00096253","FATMAWATI SOEKARNO, ID","2022-01",,,,,"0","29","13",,"92",,,,,"89.5",
"IDM00096253","FATMAWATI SOEKARNO, ID","2022-02",,,"0","0","0","26","20","71","94",,,,"82.3","90.7","74.0"
"IDM00096253","FATMAWATI SOEKARNO, ID","2022-03",,,,,"0","30","11",,"92",,,,,"89.4",
"IDM00096253","FATMAWATI SOEKARNO, ID","2022-04",,,,,"0","27","15",,"92",,,,,"89.9",
"IDM00096253","FATMAWATI SOEKARNO, ID","2022-05",,,,,"0","30","17",,"93",,,,,"89.9",
"IDM00096253","FATMAWATI SOEKARNO, ID","2022-06",,"424","0","0","0","28","4","71","90",,"0",,"81.1","88.3","74.0"
"IDM00096253","FATMAWATI SOEKARNO, ID","2022-07","429","429","0","0","0","30","9","70","94",,"0",,"81.4","88.9","73.9"
"IDM00096253","FATMAWATI SOEKARNO, ID","2022-08",,,,,"0","30","7",,"93",,,,,"88.2",
"IDM00096253","FATMAWATI SOEKARNO, ID","2022-09",,,"0","0","0","29","5","72","90",,,,"80.4","87.5","73.3"
"IDM00096253","FATMAWATI SOEKARNO, ID","2022-10",,,,,"0","28","0",,"89",,,,,"86.7",
"ID000097690","JAYAPURA SENTANI, ID","2022-06",,,,,"0","26","25",,"96",,,,,"94.0",
"ID000097690","JAYAPURA SENTANI, ID","2022-07",,,,,"0","26","21",,"95",,,,,"91.6",
"IDM00096295","RADIN INTEN II, ID","2022-05",,,,,"0","29","21",,"95",,,,,"91.1",
"IDM00096295","RADIN INTEN II, ID","2022-06",,,,,"0","30","12",,"94",,,,,"88.9",
"IDM00096295","RADIN INTEN II, ID","2022-07",,,,,"0","31","19",,"92",,,,,"89.4",
"IDM00096295","RADIN INTEN II, ID","2022-08",,,,,"0","29","15",,"94",,,,,"89.8",
"IDM00096295","RADIN INTEN II, ID","2022-09",,,,,"0","26","16",,"93",,,,,"89.7",
"IDM00096295","RADIN INTEN II, ID","2022-10",,,,,"0","26","19",,"94",,,,,"90.3",
"IDM00096737","SERANG, ID","2022-01",,,,,"0","31","18",,"95",,,,,"90.3",
"IDM00096737","SERANG, ID","2022-02",,,,,"0","27","13",,"96",,,,,"89.5",
"IDM00096737","SERANG, ID","2022-03",,,,,"0","30","19",,"94",,,,,"90.4",
"IDM00096737","SERANG, ID","2022-04",,,"0","0","0","29","24","73","96",,,,"83.9","91.9","75.9"
"IDM00096737","SERANG, ID","2022-05",,,,,"0","30","25",,"96",,,,,"91.4",
"IDM00096737","SERANG, ID","2022-06",,,,,"0","30","20",,"93",,,,,"90.0",
"IDM00096737","SERANG, ID","2022-07",,,,,"0","31","24",,"93",,,,,"90.8",
"IDM00096737","SERANG, ID","2022-08",,"464","0","0","0","31","22","73","93",,"0",,"82.7","90.8","74.6"
"IDM00096737","SERANG, ID","2022-09",,"488","0","0","0","30","24","72","95",,"0",,"82.9","91.5","74.4"
"IDM00096737","SERANG, ID","2022-10",,,,,"0","30","20",,"95",,,,,"90.8",
"IDM00096935","SURABAYA JUANDA, ID","2022-01",,,,,"0","30","21",,"94",,,,,"90.5",
"IDM00096935","SURABAYA JUANDA, ID","2022-02",,,,,"0","26","15",,"91",,,,,"89.5",
"IDM00096935","SURABAYA JUANDA, ID","2022-03",,,,,"0","30","25",,"94",,,,,"91.2",
"IDM00096935","SURABAYA JUANDA, ID","2022-04",,,,,"0","29","22",,"95",,,,,"91.1",
"IDM00096935","SURABAYA JUANDA, ID","2022-05",,,,,"0","30","20",,"92",,,,,"90.2",
"IDM00096935","SURABAYA JUANDA, ID","2022-06",,,,,"0","30","17",,"93",,,,,"89.7",
"IDM00096935","SURABAYA JUANDA, ID","2022-07",,,,,"0","31","12",,"93",,,,,"89.3",
"IDM00096935","SURABAYA JUANDA, ID","2022-08",,,,,"0","30","20",,"93",,,,,"90.0",
"IDM00096935","SURABAYA JUANDA, ID","2022-09",,,,,"0","30","28",,"95",,,,,"92.3",
"IDM00096935","SURABAYA JUANDA, ID","2022-10",,,,,"0","28","18",,"94",,,,,"90.8",
"IDM00097780","ENAROTALI, ID","2022-01",,,,,"0","29","0",,"80",,,,,"75.1",
"IDM00097780","ENAROTALI, ID","2022-02",,,,,"0","28","0",,"78",,,,,"75.8",
"IDM00097780","ENAROTALI, ID","2022-03",,,,,"0","31","0",,"80",,,,,"76.2",
"IDM00097780","ENAROTALI, ID","2022-04",,,,,"0","29","0",,"80",,,,,"76.7",
"IDM00097780","ENAROTALI, ID","2022-05",,,,,"0","30","0",,"81",,,,,"77.2",
"IDM00097780","ENAROTALI, ID","2022-06",,,,,"0","30","0",,"78",,,,,"75.8",
"IDM00097780","ENAROTALI, ID","2022-07",,,,,"0","30","0",,"77",,,,,"74.4",
"IDM00097780","ENAROTALI, ID","2022-08",,,,,"0","30","0",,"80",,,,,"74.6",
"IDM00097780","ENAROTALI, ID","2022-09",,,,,"0","30","0",,"79",,,,,"75.8",
"IDM00097780","ENAROTALI, ID","2022-10",,,,,"0","26","0",,"80",,,,,"76.4",
"IDM00096615","RAHADI USMAN, ID","2022-01",,"466","0","0","0","28","20","72","92","0","0",,"82.8","89.9","75.7"
"IDM00096615","RAHADI USMAN, ID","2022-02",,"443","0","0","0","27","15","73","94","0","0",,"82.0","89.7","74.4"
"IDM00096615","RAHADI USMAN, ID","2022-03",,,"0","0","0","29","17","72","95",,,,"83.3","90.9","75.7"
"IDM00096615","RAHADI USMAN, ID","2022-04",,,"0","0","0","29","19","73","94",,,,"83.1","90.4","75.8"
"IDM00096615","RAHADI USMAN, ID","2022-05",,,,,"0","30","23",,"96",,,,,"91.1",
"IDM00096615","RAHADI USMAN, ID","2022-06",,"463","0","0","0","29","14","73","93",,"0",,"82.1","89.8","74.3"
"IDM00096615","RAHADI USMAN, ID","2022-07","492","492","0","0","0","31","24","72","93",,"0",,"82.6","90.7","74.4"
"IDM00096615","RAHADI USMAN, ID","2022-08","991","499","0","0","0","31","20","72","94",,"0",,"82.3","90.2","74.2"
"IDM00096615","RAHADI USMAN, ID","2022-09",,,,,"0","30","14",,"93",,,,,"89.1",
"IDM00096615","RAHADI USMAN, ID","2022-10",,,,,"0","29","7",,"92",,,,,"88.4",
"IDM00096535","PALOH, ID","2022-01","404","404","0","0","0","29","1","72","90","0","0",,"79.9","85.7","74.1"
"IDM00096535","PALOH, ID","2022-02","782","378","0","0","0","23","5","73","93","0","0",,"81.5","88.7","74.3"
"IDM00096535","PALOH, ID","2022-03","1236","454","0","0","0","27","17","73","93","0","0",,"81.8","89.6","74.0"
"IDM00096535","PALOH, ID","2022-04","1725","489","0","0","0","29","18","72","94","0","0",,"82.5","90.3","74.6"
"IDM00096535","PALOH, ID","2022-05","2238","513","0","0","0","29","23","73","96","0","0",,"83.3","91.2","75.4"
"IDM00096535","PALOH, ID","2022-06","2728","490","0","0","0","30","8","72","92","0","0",,"81.4","88.4","74.2"
"IDM00096535","PALOH, ID","2022-07","3243","514","0","0","0","31","20","72","95","0","0",,"82.1","90.2","74.1"
"IDM00096535","PALOH, ID","2022-08","3741","498","0","0","0","31","19","72","93","0","0",,"81.6","89.2","74.0"
"IDM00096535","PALOH, ID","2022-09","4224","483","0","0","0","30","10","72","91","0","0",,"81.1","88.6","73.7"
"IDM00096535","PALOH, ID","2022-10",,,,,"0","26","2",,"91",,,,,"87.3",
"IDM00096655","TJILIK RIWUT, ID","2022-01",,,,,"0","30","20",,"95",,,,,"90.5",
"IDM00096655","TJILIK RIWUT, ID","2022-02",,,,,"0","27","16",,"94",,,,,"89.9",
"IDM00096655","TJILIK RIWUT, ID","2022-03",,,,,"0","31","22",,"95",,,,,"90.8",
"IDM00096655","TJILIK RIWUT, ID","2022-04",,,,,"0","29","18",,"95",,,,,"90.7",
"IDM00096655","TJILIK RIWUT, ID","2022-05",,,,,"0","30","23",,"95",,,,,"91.2",
"IDM00096655","TJILIK RIWUT, ID","2022-06",,,,,"0","30","19",,"93",,,,,"90.0",
"IDM00096655","TJILIK RIWUT, ID","2022-07","505","505","0","0","0","31","22","72","94",,"0",,"82.4","90.5","74.4"
"IDM00096655","TJILIK RIWUT, ID","2022-08",,,,,"0","31","18",,"94",,,,,"90.2",
"IDM00096655","TJILIK RIWUT, ID","2022-09",,,,,"0","30","18",,"94",,,,,"89.9",
"IDM00096655","TJILIK RIWUT, ID","2022-10",,,,,"0","30","18",,"93",,,,,"90.0",
"IDM00097028","TOLI TOLI LALOS, ID","2022-01",,,,,"0","30","2",,"90",,,,,"86.9",
"IDM00097028","TOLI TOLI LALOS, ID","2022-02",,,,,"0","27","1",,"92",,,,,"87.0",
"IDM00097028","TOLI TOLI LALOS, ID","2022-03",,,,,"0","30","1",,"91",,,,,"87.8",
"IDM00097028","TOLI TOLI LALOS, ID","2022-04",,,,,"0","29","8",,"92",,,,,"88.5",
"IDM00097028","TOLI TOLI LALOS, ID","2022-05",,,,,"0","30","6",,"92",,,,,"88.7",
"IDM00097028","TOLI TOLI LALOS, ID","2022-06",,,,,"0","29","5",,"91",,,,,"88.7",
"IDM00097028","TOLI TOLI LALOS, ID","2022-07",,,,,"0","30","2",,"91",,,,,"88.2",
"IDM00097028","TOLI TOLI LALOS, ID","2022-08",,,,,"0","31","3",,"90",,,,,"87.8",
"IDM00097028","TOLI TOLI LALOS, ID","2022-09",,,,,"0","29","4",,"92",,,,,"88.2",
"IDM00097028","TOLI TOLI LALOS, ID","2022-10",,,,,"0","28","6",,"91",,,,,"88.6",
"ID000096805","CILACAP, ID","2022-01",,,,,"0","26","14",,"94",,,,,"89.8",
"ID000096805","CILACAP, ID","2022-02",,"417","0","0","0","27","11","74","92",,"0",,"82.5","88.9","76.0"
"ID000096805","CILACAP, ID","2022-03",,,,,"0","30","10",,"92",,,,,"88.7",
"ID000096805","CILACAP, ID","2022-04",,,,,"0","27","6",,"91",,,,,"88.8",
"ID000096805","CILACAP, ID","2022-05",,,,,"0","29","9",,"92",,,,,"89.2",
"ID000096805","CILACAP, ID","2022-06",,,,,"0","29","0",,"89",,,,,"87.2",
"ID000096805","CILACAP, ID","2022-07",,,,,"0","31","0",,"89",,,,,"85.9",
"ID000096805","CILACAP, ID","2022-08",,,,,"0","31","0",,"88",,,,,"85.2",
"ID000096805","CILACAP, ID","2022-09",,,,,"0","30","0",,"88",,,,,"86.0",
"ID000096805","CILACAP, ID","2022-10",,,,,"0","28","0",,"89",,,,,"84.9",
"ID000096925","SANGKAPURA BAWEAN, ID","2022-01",,"447","0","0","0","30","3","73","91","0","0",,"82.2","87.2","77.2"
"ID000096925","SANGKAPURA BAWEAN, ID","2022-02",,"389","0","0","0","28","3","74","90","0","0",,"81.9","87.5","76.2"
"ID000096925","SANGKAPURA BAWEAN, ID","2022-03",,,,,"0","27","13",,"91",,,,,"89.3",
"ID000096925","SANGKAPURA BAWEAN, ID","2022-04",,,"0","0","0","27","16","74","91",,,,"83.2","89.8","76.7"
"ID000096925","SANGKAPURA BAWEAN, ID","2022-05",,,,,"0","28","8",,"91",,,,,"89.0",
"ID000096925","SANGKAPURA BAWEAN, ID","2022-06",,,,,"0","30","3",,"90",,,,,"87.5",
"ID000096925","SANGKAPURA BAWEAN, ID","2022-07",,,,,"0","31","0",,"89",,,,,"86.3",
"ID000096925","SANGKAPURA BAWEAN, ID","2022-08",,"479","0","0","0","29","0","73","89",,"0",,"83.3","87.3","79.3"
"ID000096925","SANGKAPURA BAWEAN, ID","2022-09",,,,,"0","28","0",,"90",,,,,"88.0",
"ID000096925","SANGKAPURA BAWEAN, ID","2022-10",,,,,"0","29","5",,"91",,,,,"88.0",
"IDM00096739","BUDIARTO, ID","2022-01",,,,,"0","27","16",,"95",,,,,"89.7",
"IDM00096739","BUDIARTO, ID","2022-02",,,,,"0","23","10",,"95",,,,,"89.3",
"IDM00096739","BUDIARTO, ID","2022-03",,,,,"0","30","20",,"95",,,,,"90.3",
"IDM00096739","BUDIARTO, ID","2022-04",,,,,"0","29","26",,"95",,,,,"91.6",
"IDM00096739","BUDIARTO, ID","2022-05",,,,,"0","26","19",,"95",,,,,"91.4",
"IDM00096739","BUDIARTO, ID","2022-06",,,,,"0","30","20",,"93",,,,,"90.1",
"IDM00096739","BUDIARTO, ID","2022-07",,,,,"0","30","26",,"93",,,,,"91.2",
"IDM00096739","BUDIARTO, ID","2022-08",,,,,"0","30","25",,"94",,,,,"91.2",
"IDM00096739","BUDIARTO, ID","2022-09",,,,,"0","29","18",,"95",,,,,"90.7",
"IDM00097072","MUTIARA, ID","2022-01",,,,,"0","30","23",,"93",,,,,"90.1",
"IDM00097072","MUTIARA, ID","2022-02",,"434","0","0","0","28","17","67","95",,"0",,"81.1","90.3","71.9"
"IDM00097072","MUTIARA, ID","2022-03",,"433","0","0","0","31","21","67","94",,"0",,"81.1","90.4","71.7"
"IDM00097072","MUTIARA, ID","2022-04",,"479","0","0","0","29","26","69","97",,"0",,"82.7","93.2","72.2"
"IDM00097072","MUTIARA, ID","2022-05",,"492","0","0","0","30","25","70","95",,"0",,"82.0","91.7","72.2"
"IDM00097072","MUTIARA, ID","2022-06",,"472","0","0","0","30","25","68","94",,"0",,"80.7","91.2","70.3"
"IDM00097072","MUTIARA, ID","2022-07","445","445","0","0","0","31","18","67","97",,"0",,"79.8","90.1","69.6"
"IDM00097072","MUTIARA, ID","2022-08","922","477","0","0","0","31","18","67","94",,"0",,"80.4","89.8","71.0"
"IDM00097072","MUTIARA, ID","2022-09","1338","416","0","0","0","29","21","70","95",,"0",,"81.6","90.7","72.5"
"IDM00097072","MUTIARA, ID","2022-10",,,,,"0","29","19",,"94",,,,,"90.0",
"IDM00097270","MUHAMMAD SALAHUDDIN, ID","2022-01",,,,,"0","31","20",,"94",,,,,"90.3",
"IDM00097270","MUHAMMAD SALAHUDDIN, ID","2022-02",,"418","0","0","0","28","19","74","94",,"0",,"83.2","90.4","76.0"
"IDM00097270","MUHAMMAD SALAHUDDIN, ID","2022-03",,,,,"0","30","23",,"95",,,,,"91.4",
"IDM00097270","MUHAMMAD SALAHUDDIN, ID","2022-04",,,,,"0","27","26",,"95",,,,,"93.0",
"IDM00097270","MUHAMMAD SALAHUDDIN, ID","2022-05",,,,,"0","30","27",,"96",,,,,"92.4",
"IDM00097270","MUHAMMAD SALAHUDDIN, ID","2022-06",,,,,"0","30","20",,"95",,,,,"90.6",
"IDM00097270","MUHAMMAD SALAHUDDIN, ID","2022-07",,,,,"0","31","4",,"92",,,,,"88.5",
"IDM00097270","MUHAMMAD SALAHUDDIN, ID","2022-08",,"476","0","0","0","31","25","68","95",,"0",,"81.9","91.4","72.5"
"IDM00097270","MUHAMMAD SALAHUDDIN, ID","2022-09",,,,,"0","29","28",,"96",,,,,"93.3",
"IDM00097270","MUHAMMAD SALAHUDDIN, ID","2022-10",,,,,"0","29","28",,"96",,,,,"93.0",
"IDM00097192","BAU BAU BETO AMBIRI, ID","2022-01",,,,,"0","27","18",,"94",,,,,"90.4",
"IDM00097192","BAU BAU BETO AMBIRI, ID","2022-03",,,,,"0","29","5",,"92",,,,,"88.0",
"IDM00097192","BAU BAU BETO AMBIRI, ID","2022-04",,,,,"0","29","8",,"91",,,,,"89.1",
"IDM00097192","BAU BAU BETO AMBIRI, ID","2022-05",,,,,"0","30","11",,"94",,,,,"89.2",
"IDM00097192","BAU BAU BETO AMBIRI, ID","2022-06",,,,,"0","29","3",,"91",,,,,"85.3",
"IDM00097192","BAU BAU BETO AMBIRI, ID","2022-07",,,,,"0","31","6",,"91",,,,,"88.2",
"IDM00097192","BAU BAU BETO AMBIRI, ID","2022-08",,,,,"0","31","9",,"91",,,,,"88.5",
"IDM00097192","BAU BAU BETO AMBIRI, ID","2022-09",,,,,"0","30","16",,"94",,,,,"89.4",
"IDM00097192","BAU BAU BETO AMBIRI, ID","2022-10",,,,,"0","27","16",,"93",,,,,"89.5",
"IDM00097876","TANAH MERAH, ID","2022-01",,,,,"0","31","24",,"96",,,,,"91.9",
"IDM00097876","TANAH MERAH, ID","2022-02",,,,,"0","26","19",,"96",,,,,"91.3",
"IDM00097876","TANAH MERAH, ID","2022-03",,,,,"0","31","23",,"97",,,,,"91.9",
"IDM00097876","TANAH MERAH, ID","2022-04",,,,,"0","27","25",,"96",,,,,"92.1",
"IDM00097876","TANAH MERAH, ID","2022-05",,,,,"0","28","20",,"96",,,,,"90.7",
"IDM00097876","TANAH MERAH, ID","2022-06",,,,,"0","25","15",,"92",,,,,"89.9",
"IDM00097876","TANAH MERAH, ID","2022-07",,,,,"0","29","2",,"92",,,,,"86.7",
"IDM00097876","TANAH MERAH, ID","2022-08",,,,,"0","26","6",,"92",,,,,"87.8",
"IDM00097876","TANAH MERAH, ID","2022-10",,,,,"0","27","19",,"96",,,,,"91.5",
"ID000097340","WAINGAPU MAU HAU, ID","2022-01",,,,,"0","30","24",,"96",,,,,"91.9",
"ID000097340","WAINGAPU MAU HAU, ID","2022-02",,,,,"0","28","20",,"95",,,,,"90.4",
"ID000097340","WAINGAPU MAU HAU, ID","2022-03",,"485","0","0","0","31","27","73","94",,"0",,"82.9","90.9","74.9"
"ID000097340","WAINGAPU MAU HAU, ID","2022-04",,"455","0","0","0","28","27","68","94",,"0",,"82.4","91.8","73.1"
"ID000097340","WAINGAPU MAU HAU, ID","2022-05",,"471","0","0","0","30","29","68","94",,"0",,"82.5","91.9","73.1"
"ID000097340","WAINGAPU MAU HAU, ID","2022-06",,"433","0","0","0","29","23","68","93",,"0",,"81.0","90.3","71.7"
"ID000097340","WAINGAPU MAU HAU, ID","2022-07","350","350","0","0","0","31","2","63","91",,"0",,"77.9","88.3","67.6"
"ID000097340","WAINGAPU MAU HAU, ID","2022-08","786","436","0","0","0","31","17","65","94",,"0",,"79.5","90.3","68.8"
"ID000097340","WAINGAPU MAU HAU, ID","2022-09","1280","494","0","0","0","30","25","68","94",,"0",,"81.5","91.5","71.4"
"ID000097340","WAINGAPU MAU HAU, ID","2022-10",,,,,"0","30","30",,"95",,,,,"92.4",
"IDM00096221","SULTAN MAHMUD BADARUDDIN II, ID","2022-01",,,,,"0","28","11",,"92",,,,,"88.4",
"IDM00096221","SULTAN MAHMUD BADARUDDIN II, ID","2022-02",,,,,"0","23","11",,"94",,,,,"89.3",
"IDM00096221","SULTAN MAHMUD BADARUDDIN II, ID","2022-08",,,,,"0","28","18",,"93",,,,,"89.8",
"IDM00097310","LARANTUKA GEWAYENTA, ID","2022-01",,,,,"0","28","8",,"92",,,,,"88.3",
"IDM00097310","LARANTUKA GEWAYENTA, ID","2022-02",,,,,"0","24","5",,"91",,,,,"87.3",
"IDM00097310","LARANTUKA GEWAYENTA, ID","2022-03",,,,,"0","31","14",,"92",,,,,"89.2",
"IDM00097310","LARANTUKA GEWAYENTA, ID","2022-04",,,,,"0","29","25",,"96",,,,,"92.0",
"IDM00097310","LARANTUKA GEWAYENTA, ID","2022-05",,,,,"0","31","26",,"95",,,,,"91.5",
"IDM00097310","LARANTUKA GEWAYENTA, ID","2022-06",,,,,"0","30","22",,"93",,,,,"90.6",
"IDM00097310","LARANTUKA GEWAYENTA, ID","2022-07",,,,,"0","31","17",,"92",,,,,"89.8",
"IDM00097310","LARANTUKA GEWAYENTA, ID","2022-08",,,,,"0","30","16",,"94",,,,,"89.8",
"IDM00097310","LARANTUKA GEWAYENTA, ID","2022-09",,,,,"0","29","22",,"96",,,,,"92.1",
"IDM00097310","LARANTUKA GEWAYENTA, ID","2022-10",,,,,"0","29","25",,"96",,,,,"92.6",
"IDM00097430","BABULLAH, ID","2022-01",,,,,"0","31","1",,"90",,,,,"86.8",
"IDM00097430","BABULLAH, ID","2022-02",,,,,"0","28","0",,"90",,,,,"86.7",
"IDM00097430","BABULLAH, ID","2022-03",,,,,"0","30","4",,"91",,,,,"88.1",
"IDM00097430","BABULLAH, ID","2022-04",,,,,"0","28","9",,"92",,,,,"88.6",
"IDM00097430","BABULLAH, ID","2022-05",,,,,"0","30","6",,"91",,,,,"88.2",
"IDM00097430","BABULLAH, ID","2022-06",,,,,"0","30","3",,"90",,,,,"88.4",
"IDM00097430","BABULLAH, ID","2022-07",,,,,"0","31","3",,"91",,,,,"87.2",
"IDM00097430","BABULLAH, ID","2022-08",,,,,"0","31","1",,"91",,,,,"87.5",
"IDM00097430","BABULLAH, ID","2022-09",,,,,"0","30","5",,"91",,,,,"88.3",
"IDM00097430","BABULLAH, ID","2022-10",,,,,"0","30","9",,"92",,,,,"88.6",
"IDM00096581","SUPADIO, ID","2022-01",,,,,"0","26","13",,"92",,,,,"89.6",
"IDM00096581","SUPADIO, ID","2022-02",,,,,"0","26","15",,"94",,,,,"90.7",
"IDM00096581","SUPADIO, ID","2022-03",,,,,"0","28","23",,"96",,,,,"92.1",
"IDM00096581","SUPADIO, ID","2022-04",,,,,"0","25","19",,"95",,,,,"90.9",
"IDM00096581","SUPADIO, ID","2022-06",,,,,"0","28","14",,"93",,,,,"89.2",
"IDM00096581","SUPADIO, ID","2022-07",,,,,"0","26","17",,"95",,,,,"90.3",
"IDM00096581","SUPADIO, ID","2022-08",,,,,"0","27","15",,"94",,,,,"90.3",
"IDM00096581","SUPADIO, ID","2022-09",,,,,"0","28","11",,"95",,,,,"88.8",
"IDM00096581","SUPADIO, ID","2022-10",,,,,"0","28","7",,"93",,,,,"88.2",
"IDM00097230","DENPASAR NGURAH RAI, ID","2022-01",,,,,"0","30","2",,"90",,,,,"87.3",
"IDM00097230","DENPASAR NGURAH RAI, ID","2022-02",,,,,"0","25","3",,"91",,,,,"87.7",
"IDM00097230","DENPASAR NGURAH RAI, ID","2022-03",,,,,"0","28","5",,"92",,,,,"88.6",
"IDM00097230","DENPASAR NGURAH RAI, ID","2022-04",,"446","0","0","0","29","1","74","90",,"0",,"82.7","88.5","76.9"
"IDM00097230","DENPASAR NGURAH RAI, ID","2022-05",,,,,"0","30","0",,"90",,,,,"88.2",
"IDM00097230","DENPASAR NGURAH RAI, ID","2022-06",,"418","0","0","0","30","1","74","90",,"0",,"81.6","86.7","76.6"
"IDM00097230","DENPASAR NGURAH RAI, ID","2022-07",,,,,"0","31","0",,"87",,,,,"84.4",
"IDM00097230","DENPASAR NGURAH RAI, ID","2022-08",,"413","0","0","0","31","0","72","87",,"0",,"80.9","85.0","76.7"
"IDM00097230","DENPASAR NGURAH RAI, ID","2022-09",,,,,"0","30","0",,"88",,,,,"86.2",
"IDM00097230","DENPASAR NGURAH RAI, ID","2022-10",,,,,"0","29","0",,"89",,,,,"86.0",
"IDM00096749","SOEKARNO HATTA INTERNATIONAL, ID","2022-06",,,"0","0",,,,"69",,,,,,,"73.6"
"IDM00096749","SOEKARNO HATTA INTERNATIONAL, ID","2022-07",,,"0","0",,,,"68",,,,,,,"73.4"
"IDM00096749","SOEKARNO HATTA INTERNATIONAL, ID","2022-08",,,"0","0",,,,"69",,,,,,,"73.9"
"IDM00096749","SOEKARNO HATTA INTERNATIONAL, ID","2022-09",,,"0","0",,,,"72",,,,,,,"73.8"
"IDM00096749","SOEKARNO HATTA INTERNATIONAL, ID","2022-10",,,,,"0","26","14",,"95",,,,,"89.7",
"ID000097900","SAUMLAKI OLILIT, ID","2022-03",,,,,"0","27","19",,"93",,,,,"90.3",
"ID000097900","SAUMLAKI OLILIT, ID","2022-04",,,,,"0","28","11",,"91",,,,,"89.5",
"ID000097900","SAUMLAKI OLILIT, ID","2022-05",,,,,"0","30","8",,"93",,,,,"89.1",
"ID000097900","SAUMLAKI OLILIT, ID","2022-06",,,,,"0","29","0",,"89",,,,,"85.1",
"ID000097900","SAUMLAKI OLILIT, ID","2022-07",,,,,"0","31","0",,"86",,,,,"83.9",
"ID000097900","SAUMLAKI OLILIT, ID","2022-08",,,,,"0","30","0",,"87",,,,,"85.3",
"ID000097900","SAUMLAKI OLILIT, ID","2022-09",,,,,"0","29","2",,"90",,,,,"87.3",
"ID000097900","SAUMLAKI OLILIT, ID","2022-10",,,,,"0","26","19",,"94",,,,,"90.5",
"IDM00096109","SULTAN SYARIF KASIM II, ID","2022-01",,,,,"0","27","16",,"94",,,,,"89.6",
"IDM00096109","SULTAN SYARIF KASIM II, ID","2022-02",,,,,"0","25","15",,"95",,,,,"89.2",
"IDM00096109","SULTAN SYARIF KASIM II, ID","2022-03",,,,,"0","31","26",,"96",,,,,"92.0",
"IDM00096109","SULTAN SYARIF KASIM II, ID","2022-04",,,,,"0","26","17",,"96",,,,,"90.8",
"IDM00096109","SULTAN SYARIF KASIM II, ID","2022-05",,,,,"0","28","24",,"96",,,,,"91.7",
"IDM00096109","SULTAN SYARIF KASIM II, ID","2022-06",,,,,"0","27","15",,"94",,,,,"89.7",
"IDM00096109","SULTAN SYARIF KASIM II, ID","2022-07",,,,,"0","26","17",,"94",,,,,"90.0",
"IDM00096109","SULTAN SYARIF KASIM II, ID","2022-08",,,,,"0","29","18",,"94",,,,,"89.9",
"IDM00096109","SULTAN SYARIF KASIM II, ID","2022-09",,,,,"0","27","15",,"92",,,,,"89.3",
"IDM00096987","BANYUWANGI, ID","2022-01",,,,,"0","27","6",,"93",,,,,"88.5",
"IDM00096987","BANYUWANGI, ID","2022-02",,,"0","0","0","26","7","70","93",,,,"81.8","88.6","75.0"
"IDM00096987","BANYUWANGI, ID","2022-03",,,,,"0","31","9",,"92",,,,,"89.3",
"IDM00096987","BANYUWANGI, ID","2022-04",,,,,"0","28","12",,"91",,,,,"88.9",
"IDM00096987","BANYUWANGI, ID","2022-05",,"484","0","0","0","30","9","75","91",,"0",,"82.8","88.7","76.8"
"IDM00096987","BANYUWANGI, ID","2022-06",,,,,"0","30","2",,"92",,,,,"87.0",
"IDM00096987","BANYUWANGI, ID","2022-07",,,,,"0","30","0",,"89",,,,,"84.1",
"IDM00096987","BANYUWANGI, ID","2022-08",,,,,"0","29","0",,"88",,,,,"85.4",
"IDM00096987","BANYUWANGI, ID","2022-09",,,,,"0","29","0",,"88",,,,,"85.7",
"IDM00096987","BANYUWANGI, ID","2022-10",,,,,"0","28","1",,"90",,,,,"86.3",
"IDM00097630","FAK FAK TOREA, ID","2022-01",,,,,"0","26","2",,"91",,,,,"86.9",
"IDM00097630","FAK FAK TOREA, ID","2022-02",,"351","0","0","0","27","0","72","89",,"0",,"79.5","85.8","73.2"
"IDM00097630","FAK FAK TOREA, ID","2022-03",,,"0","0","0","30","2","72","91",,,,"79.8","86.4","73.3"
"IDM00097630","FAK FAK TOREA, ID","2022-04",,,,,"0","29","0",,"88",,,,,"86.3",
"IDM00097630","FAK FAK TOREA, ID","2022-05",,,,,"0","29","2",,"92",,,,,"86.7",
"IDM00097630","FAK FAK TOREA, ID","2022-06",,,,,"0","30","0",,"87",,,,,"84.9",
"IDM00097630","FAK FAK TOREA, ID","2022-07",,,,,"0","30","0",,"86",,,,,"82.4",
"IDM00097630","FAK FAK TOREA, ID","2022-08",,,,,"0","31","0",,"89",,,,,"83.1",
"IDM00097630","FAK FAK TOREA, ID","2022-09",,"341","0","0","0","30","0","70","86",,"0",,"78.5","84.6","72.5"
"IDM00097630","FAK FAK TOREA, ID","2022-10",,,,,"0","26","0",,"90",,,,,"86.4",
"IDM00097796","KOKONAO TIMUKA, ID","2022-01",,,,,"0","31","19",,"95",,,,,"90.4",
"IDM00097796","KOKONAO TIMUKA, ID","2022-02",,,,,"0","28","16",,"94",,,,,"89.7",
"IDM00097796","KOKONAO TIMUKA, ID","2022-04",,,,,"0","28","19",,"93",,,,,"90.5",
"IDM00097796","KOKONAO TIMUKA, ID","2022-05",,,,,"0","28","12",,"94",,,,,"89.0",
"IDM00097796","KOKONAO TIMUKA, ID","2022-06",,,,,"0","30","10",,"92",,,,,"87.8",
"IDM00097796","KOKONAO TIMUKA, ID","2022-07",,,,,"0","30","1",,"90",,,,,"84.3",
"IDM00097796","KOKONAO TIMUKA, ID","2022-08",,,,,"0","31","3",,"92",,,,,"86.3",
"IDM00097796","KOKONAO TIMUKA, ID","2022-09",,,,,"0","30","12",,"92",,,,,"88.7",
"IDM00097796","KOKONAO TIMUKA, ID","2022-10",,,,,"0","28","23",,"94",,,,,"90.6",
"ID000097146","KENDARI WOLTER MONG, ID","2022-01",,,,,"0","26","15",,"96",,,,,"90.8",
"ID000097146","KENDARI WOLTER MONG, ID","2022-02",,,"0","0","0","24","13","73","94",,,,"82.2","90.2","74.2"
"ID000097146","KENDARI WOLTER MONG, ID","2022-04",,"438","0","0","0","26","19","73","93",,"0",,"82.5","90.4","74.6"
"ID000097146","KENDARI WOLTER MONG, ID","2022-05",,,"0","0","0","27","15","73","93",,,,"82.2","89.7","74.7"
"ID000097146","KENDARI WOLTER MONG, ID","2022-06",,,,,"0","26","7",,"91",,,,,"87.1",
"ID000097146","KENDARI WOLTER MONG, ID","2022-07",,,,,"0","28","0",,"90",,,,,"86.0",
"ID000097146","KENDARI WOLTER MONG, ID","2022-08",,,"0","0","0","28","2","68","90",,,,"79.4","86.3","72.6"
"ID000097146","KENDARI WOLTER MONG, ID","2022-09",,"424","0","0","0","27","10","70","94",,"0",,"80.7","88.6","72.9"
"IDM00096509","JUWATA, ID","2022-03",,,,,"0","27","9",,"92",,,,,"88.2",
"IDM00096509","JUWATA, ID","2022-05",,,,,"0","26","9",,"94",,,,,"88.2",
"IDM00096509","JUWATA, ID","2022-06",,,,,"0","27","11",,"93",,,,,"89.1",
"IDM00096509","JUWATA, ID","2022-07",,,,,"0","30","12",,"92",,,,,"88.5",
"IDM00096509","JUWATA, ID","2022-08",,,,,"0","29","14",,"93",,,,,"89.1",
"IDM00096509","JUWATA, ID","2022-09",,,,,"0","26","12",,"93",,,,,"88.7",
"IDM00097126","MASAMBA ANDI JEMMA, ID","2022-01",,,,,"0","31","24",,"94",,,,,"90.9",
"IDM00097126","MASAMBA ANDI JEMMA, ID","2022-02",,"407","0","0","0","28","17","73","94",,"0",,"82.6","90.5","74.7"
"IDM00097126","MASAMBA ANDI JEMMA, ID","2022-03",,,,,"0","30","25",,"93",,,,,"90.7",
"IDM00097126","MASAMBA ANDI JEMMA, ID","2022-04",,,,,"0","29","23",,"94",,,,,"91.3",
"IDM00097126","MASAMBA ANDI JEMMA, ID","2022-05",,,,,"0","31","21",,"94",,,,,"90.7",
"IDM00097126","MASAMBA ANDI JEMMA, ID","2022-06",,,,,"0","30","14",,"95",,,,,"89.9",
"IDM00097126","MASAMBA ANDI JEMMA, ID","2022-07",,,,,"0","31","7",,"91",,,,,"87.0",
"IDM00097126","MASAMBA ANDI JEMMA, ID","2022-08",,,,,"0","31","6",,"91",,,,,"88.1",
"IDM00097126","MASAMBA ANDI JEMMA, ID","2022-09",,,,,"0","30","22",,"94",,,,,"90.4",
"IDM00097126","MASAMBA ANDI JEMMA, ID","2022-10",,,,,"0","30","28",,"94",,,,,"91.5",
"IDM00096751","BOGOR CITEKO, ID","2022-01",,,,,"0","29","0",,"83",,,,,"77.3",
"IDM00096751","BOGOR CITEKO, ID","2022-02",,,,,"0","27","0",,"81",,,,,"76.4",
"IDM00096751","BOGOR CITEKO, ID","2022-03",,,,,"0","30","0",,"83",,,,,"79.0",
"IDM00096751","BOGOR CITEKO, ID","2022-04",,,,,"0","29","0",,"82",,,,,"78.7",
"IDM00096751","BOGOR CITEKO, ID","2022-05",,,,,"0","29","0",,"84",,,,,"79.3",
"IDM00096751","BOGOR CITEKO, ID","2022-06",,,,,"0","30","0",,"82",,,,,"77.6",
"IDM00096751","BOGOR CITEKO, ID","2022-07",,,,,"0","31","0",,"82",,,,,"78.4",
"IDM00096751","BOGOR CITEKO, ID","2022-08",,,,,"0","31","0",,"83",,,,,"78.8",
"IDM00096751","BOGOR CITEKO, ID","2022-09",,,,,"0","30","0",,"83",,,,,"78.7",
"IDM00096751","BOGOR CITEKO, ID","2022-10",,,,,"0","28","0",,"81",,,,,"77.6",
"IDM00097048","JALALUDDIN, ID","2022-01",,,,,"0","31","15",,"95",,,,,"89.2",
"IDM00097048","JALALUDDIN, ID","2022-02",,"379","0","0","0","28","10","71","92",,"0",,"81.2","88.7","73.7"
"IDM00097048","JALALUDDIN, ID","2022-03",,,,,"0","29","23",,"95",,,,,"91.3",
"IDM00097048","JALALUDDIN, ID","2022-04",,,,,"0","29","24",,"94",,,,,"91.1",
"IDM00097048","JALALUDDIN, ID","2022-05",,,,,"0","30","21",,"94",,,,,"90.9",
"IDM00097048","JALALUDDIN, ID","2022-06",,,,,"0","30","25",,"94",,,,,"90.9",
"IDM00097048","JALALUDDIN, ID","2022-07",,,,,"0","31","8",,"92",,,,,"88.4",
"IDM00097048","JALALUDDIN, ID","2022-08",,,,,"0","31","19",,"94",,,,,"90.0",
"IDM00097048","JALALUDDIN, ID","2022-09",,,,,"0","30","25",,"95",,,,,"90.9",
"IDM00097048","JALALUDDIN, ID","2022-10",,,,,"0","30","23",,"94",,,,,"91.3",
"IDM00096035","POLONIA, ID","2022-01",,,"0","0","0","26","6","63","93",,,,"80.5","88.5","72.4"
"IDM00096035","POLONIA, ID","2022-02",,,"0","0","0","24","5","71","91",,,,"80.2","87.9","72.4"
"IDM00096035","POLONIA, ID","2022-03",,,"0","0","0","26","9","72","92",,,,"81.4","89.1","73.7"
"IDM00096035","POLONIA, ID","2022-06",,,,,"0","25","1",,"90",,,,,"88.1",
"IDM00096035","POLONIA, ID","2022-07",,,,,"0","27","14",,"96",,,,,"89.8",
"IDM00096035","POLONIA, ID","2022-08",,,,,"0","26","8",,"91",,,,,"88.5",
"IDM00096595","MUARATEWE BERINGIN, ID","2022-01","3370","478","0","0","0","31","13","72","94","0","0",,"81.5","89.1","73.8"
"IDM00096595","MUARATEWE BERINGIN, ID","2022-02","3786","416","0","0","0","27","13","72","96","0","0",,"81.7","89.3","74.1"
"IDM00096595","MUARATEWE BERINGIN, ID","2022-03","4266","480","0","0","0","31","18","71","95","0","0",,"81.9","89.9","74.0"
"IDM00096595","MUARATEWE BERINGIN, ID","2022-04","4726","460","0","0","0","27","20","72","95","0","0",,"82.6","90.7","74.5"
"IDM00096595","MUARATEWE BERINGIN, ID","2022-05","5218","492","0","0","0","30","20","72","95","0","0",,"82.7","90.6","74.7"
"IDM00096595","MUARATEWE BERINGIN, ID","2022-06","5728","510","0","0","0","30","19","73","95","0","0",,"82.6","90.3","74.9"
"IDM00096595","MUARATEWE BERINGIN, ID","2022-07",,,,,"0","31","20",,"96",,,,,"89.7",
"IDM00096595","MUARATEWE BERINGIN, ID","2022-08",,"494","0","0","0","31","19","73","94",,"0",,"82.4","90.0","74.8"
"IDM00096595","MUARATEWE BERINGIN, ID","2022-09",,"460","0","0","0","30","21","72","95",,"0",,"82.7","90.8","74.7"
"IDM00096595","MUARATEWE BERINGIN, ID","2022-10",,,,,"0","29","15",,"94",,,,,"89.8",
"IDM00096033","MEDAN BELAWAN, ID","2022-01",,,,,"0","31","1",,"90",,,,,"87.5",
"IDM00096033","MEDAN BELAWAN, ID","2022-02",,"399","0","0","0","28","1","74","90",,"0",,"82.3","87.6","76.9"
"IDM00096033","MEDAN BELAWAN, ID","2022-03",,,,,"0","31","8",,"96",,,,,"89.0",
"IDM00096033","MEDAN BELAWAN, ID","2022-04",,"501","0","0","0","29","18","76","93",,"0",,"84.3","89.8","78.7"
"IDM00096033","MEDAN BELAWAN, ID","2022-05",,,,,"0","29","20",,"93",,,,,"89.8",
"IDM00096033","MEDAN BELAWAN, ID","2022-06",,,"0","0","0","29","3","75","92",,,,"82.7","88.1","77.3"
"IDM00096033","MEDAN BELAWAN, ID","2022-07",,,,,"0","31","12",,"96",,,,,"89.3",
"IDM00096033","MEDAN BELAWAN, ID","2022-08",,,,,"0","30","5",,"92",,,,,"88.3",
"IDM00096033","MEDAN BELAWAN, ID","2022-09",,,,,"0","30","6",,"92",,,,,"88.1",
"IDM00096033","MEDAN BELAWAN, ID","2022-10",,,,,"0","30","1",,"92",,,,,"87.1",
"IDM00097320","ALOR MALI KALABAHI, ID","2022-01",,,,,"0","29","0",,"90",,,,,"87.8",
"IDM00097320","ALOR MALI KALABAHI, ID","2022-02",,,,,"0","28","3",,"92",,,,,"87.6",
"IDM00097320","ALOR MALI KALABAHI, ID","2022-03",,,,,"0","31","8",,"92",,,,,"89.3",
"IDM00097320","ALOR MALI KALABAHI, ID","2022-04",,"438","0","0","0","28","22","72","92",,"0",,"82.6","90.4","74.8"
"IDM00097320","ALOR MALI KALABAHI, ID","2022-05",,,,,"0","31","28",,"92",,,,,"91.1",
"IDM00097320","ALOR MALI KALABAHI, ID","2022-06",,,,,"0","30","14",,"91",,,,,"89.4",
"IDM00097320","ALOR MALI KALABAHI, ID","2022-07",,,,,"0","30","0",,"90",,,,,"87.6",
"IDM00097320","ALOR MALI KALABAHI, ID","2022-08",,"416","0","0","0","31","8","67","91",,"0",,"80.5","89.1","71.7"
"IDM00097320","ALOR MALI KALABAHI, ID","2022-09",,"489","0","0","0","30","25","72","93",,"0",,"82.5","90.6","74.4"
"IDM00097320","ALOR MALI KALABAHI, ID","2022-10",,,,,"0","30","30",,"95",,,,,"92.1",
"IDM00096791","CIREBON JATIWANGI, ID","2022-01",,,,,"0","31","22",,"94",,,,,"90.6",
"IDM00096791","CIREBON JATIWANGI, ID","2022-02",,"392","0","0","0","28","13","73","93",,"0",,"82.0","89.3","74.7"
"IDM00096791","CIREBON JATIWANGI, ID","2022-03",,,,,"0","31","28",,"95",,,,,"91.6",
"IDM00096791","CIREBON JATIWANGI, ID","2022-04",,,"0","0","0","29","26","74","95",,,,"83.9","92.4","75.5"
"IDM00096791","CIREBON JATIWANGI, ID","2022-05",,,,,"0","29","24",,"96",,,,,"92.3",
"IDM00096791","CIREBON JATIWANGI, ID","2022-06",,,,,"0","30","18",,"93",,,,,"89.9",
"IDM00096791","CIREBON JATIWANGI, ID","2022-07","445","445","0","0","0","31","25","68","94",,"0",,"82.0","90.9","73.2"
"IDM00096791","CIREBON JATIWANGI, ID","2022-08",,,,,"0","31","30",,"95",,,,,"92.6",
"IDM00096791","CIREBON JATIWANGI, ID","2022-09",,"493","0","0","0","30","28","73","97",,"0",,"84.7","94.0","75.3"
"IDM00096791","CIREBON JATIWANGI, ID","2022-10",,,,,"0","30","25",,"96",,,,,"91.7",
"IDM00096075","BINAKA, ID","2022-01",,,,,"0","26","4",,"92",,,,,"87.6",
"IDM00096075","BINAKA, ID","2022-04",,,,,"0","25","2",,"93",,,,,"88.5",
"IDM00096075","BINAKA, ID","2022-05",,,,,"0","28","11",,"92",,,,,"89.3",
"IDM00096075","BINAKA, ID","2022-06",,,,,"0","26","0",,"89",,,,,"87.1",
"IDM00096075","BINAKA, ID","2022-07",,,,,"0","30","4",,"91",,,,,"87.5",
"IDM00096075","BINAKA, ID","2022-08",,,,,"0","30","1",,"90",,,,,"87.3",
"IDM00096075","BINAKA, ID","2022-09",,,,,"0","30","0",,"90",,,,,"86.5",
"IDM00096075","BINAKA, ID","2022-10",,,,,"0","27","0",,"90",,,,,"85.9",
"IDM00096195","SULTAN THAHA, ID","2022-01",,,,,"0","31","9",,"92",,,,,"88.7",
"IDM00096195","SULTAN THAHA, ID","2022-02",,,,,"0","27","15",,"93",,,,,"89.3",
"IDM00096195","SULTAN THAHA, ID","2022-03",,,,,"0","31","23",,"95",,,,,"90.9",
"IDM00096195","SULTAN THAHA, ID","2022-04",,,,,"0","29","22",,"93",,,,,"90.6",
"IDM00096195","SULTAN THAHA, ID","2022-05",,,,,"0","30","24",,"94",,,,,"90.7",
"IDM00096195","SULTAN THAHA, ID","2022-06",,,,,"0","30","13",,"93",,,,,"89.4",
"IDM00096195","SULTAN THAHA, ID","2022-07",,,,,"0","31","15",,"93",,,,,"89.5",
"IDM00096195","SULTAN THAHA, ID","2022-08",,,,,"0","31","19",,"94",,,,,"89.6",
"IDM00096195","SULTAN THAHA, ID","2022-09",,,,,"0","30","17",,"93",,,,,"89.2",
"IDM00096195","SULTAN THAHA, ID","2022-10",,,,,"0","29","12",,"94",,,,,"89.0",
"IDM00097086","BUBUNG, ID","2022-01",,,,,"0","30","16",,"94",,,,,"90.0",
"IDM00097086","BUBUNG, ID","2022-02",,,,,"0","28","17",,"96",,,,,"90.3",
"IDM00097086","BUBUNG, ID","2022-03",,,,,"0","27","12",,"93",,,,,"89.3",
"IDM00097086","BUBUNG, ID","2022-04",,,,,"0","29","10",,"92",,,,,"89.2",
"IDM00097086","BUBUNG, ID","2022-05",,,,,"0","30","5",,"91",,,,,"88.6",
"IDM00097086","BUBUNG, ID","2022-06",,,,,"0","30","0",,"90",,,,,"87.6",
"IDM00097086","BUBUNG, ID","2022-07",,,,,"0","31","0",,"89",,,,,"85.3",
"IDM00097086","BUBUNG, ID","2022-08",,,,,"0","30","0",,"89",,,,,"85.8",
"IDM00097086","BUBUNG, ID","2022-09",,,,,"0","30","2",,"90",,,,,"87.0",
"IDM00097086","BUBUNG, ID","2022-10",,,,,"0","26","10",,"92",,,,,"89.0",
"ID000096745","JAKARTA OBSERVATORY, ID","2022-01",,,,,"0","30","11",,"95",,,,,"88.8",
"ID000096745","JAKARTA OBSERVATORY, ID","2022-02",,,,,"0","28","8",,"94",,,,,"88.1",
"ID000096745","JAKARTA OBSERVATORY, ID","2022-03",,"505","0","0","0","31","21","76","95",,"0",,"84.3","90.4","78.2"
"ID000096745","JAKARTA OBSERVATORY, ID","2022-04",,,,,"0","28","22",,"94",,,,,"91.1",
"ID000096745","JAKARTA OBSERVATORY, ID","2022-05",,,,,"0","30","23",,"95",,,,,"91.0",
"ID000096745","JAKARTA OBSERVATORY, ID","2022-06",,"499","0","0","0","30","15","76","94",,"0",,"83.6","89.6","77.5"
"ID000096745","JAKARTA OBSERVATORY, ID","2022-07",,,"0","0","0","28","23","73","92",,,,"84.2","90.3","78.0"
"ID000096745","JAKARTA OBSERVATORY, ID","2022-08",,,,,"0","31","25",,"95",,,,,"91.1",
"ID000096745","JAKARTA OBSERVATORY, ID","2022-09",,,,,"0","30","19",,"94",,,,,"90.2",
"ID000096745","JAKARTA OBSERVATORY, ID","2022-10",,,,,"0","30","14",,"96",,,,,"89.8",
"IDM00096837","SEMARANG, ID","2022-01",,,,,"0","29","9",,"91",,,,,"88.5",
"IDM00096837","SEMARANG, ID","2022-02",,,,,"0","27","4",,"94",,,,,"88.2",
"IDM00096837","SEMARANG, ID","2022-03",,,"0","0",,,,"76",,,,,,,"77.2"
"IDM00096837","SEMARANG, ID","2022-04",,,,,"0","29","25",,"95",,,,,"91.5",
"IDM00096837","SEMARANG, ID","2022-05",,,,,"0","29","24",,"94",,,,,"91.6",
"IDM00096837","SEMARANG, ID","2022-06",,"459","0","0","0","30","22","72","94",,"0",,"83.4","90.6","76.2"
"IDM00096837","SEMARANG, ID","2022-07",,,,,"0","31","29",,"94",,,,,"91.8",
"IDM00096837","SEMARANG, ID","2022-08",,"571","0","0","0","31","31","75","95",,"0",,"84.7","92.9","76.5"
"IDM00096837","SEMARANG, ID","2022-09",,"508","0","0","0","30","29","75","96",,"0",,"85.3","93.5","77.1"
"IDM00096837","SEMARANG, ID","2022-10",,,,,"0","30","22",,"95",,,,,"90.9",
"IDM00097682","NABIRE, ID","2022-01",,,,,"0","29","26",,"93",,,,,"90.9",
"IDM00097682","NABIRE, ID","2022-02",,,,,"0","27","14",,"93",,,,,"89.5",
"IDM00097682","NABIRE, ID","2022-03",,,,,"0","29","23",,"94",,,,,"90.4",
"IDM00097682","NABIRE, ID","2022-04",,,,,"0","29","18",,"94",,,,,"90.4",
"IDM00097682","NABIRE, ID","2022-05",,,,,"0","30","18",,"92",,,,,"89.7",
"IDM00097682","NABIRE, ID","2022-06",,,,,"0","30","15",,"93",,,,,"89.7",
"IDM00097682","NABIRE, ID","2022-07",,,,,"0","31","14",,"92",,,,,"89.0",
"IDM00097682","NABIRE, ID","2022-08",,,,,"0","31","13",,"91",,,,,"88.9",
"IDM00097682","NABIRE, ID","2022-09",,,"0","0","0","29","17","72","93",,,,"82.0","89.7","74.3"
"IDM00097682","NABIRE, ID","2022-10",,,,,"0","29","21",,"93",,,,,"90.4",
"IDM00096559","SUSILO, ID","2022-01",,,,,"0","30","13",,"94",,,,,"89.2",
"IDM00096559","SUSILO, ID","2022-02",,,,,"0","26","18",,"95",,,,,"90.7",
"IDM00096559","SUSILO, ID","2022-03",,,,,"0","26","19",,"96",,,,,"91.8",
"IDM00096559","SUSILO, ID","2022-04",,,,,"0","28","24",,"95",,,,,"91.5",
"IDM00096559","SUSILO, ID","2022-05",,,,,"0","30","26",,"96",,,,,"92.0",
"IDM00096559","SUSILO, ID","2022-06",,,,,"0","30","19",,"94",,,,,"90.3",
"IDM00096559","SUSILO, ID","2022-07",,,,,"0","31","21",,"95",,,,,"90.6",
"IDM00096559","SUSILO, ID","2022-08",,,,,"0","31","16",,"95",,,,,"89.3",
"IDM00096559","SUSILO, ID","2022-09",,"407","0","0","0","30","15","72","94",,"0",,"81.2","88.9","73.4"
"IDM00096559","SUSILO, ID","2022-10",,,,,"0","30","14",,"94",,,,,"89.6",
"IDM00097406","GALELA GAMARMALAMU, ID","2022-01",,,,,"0","30","13",,"93",,,,,"88.9",
"IDM00097406","GALELA GAMARMALAMU, ID","2022-02",,,,,"0","26","8",,"91",,,,,"88.5",
"IDM00097406","GALELA GAMARMALAMU, ID","2022-03",,,,,"0","31","14",,"93",,,,,"89.5",
"IDM00097406","GALELA GAMARMALAMU, ID","2022-04",,,,,"0","28","15",,"94",,,,,"89.7",
"IDM00097406","GALELA GAMARMALAMU, ID","2022-05",,,,,"0","31","15",,"92",,,,,"89.0",
"IDM00097406","GALELA GAMARMALAMU, ID","2022-06",,,,,"0","30","15",,"91",,,,,"89.3",
"IDM00097406","GALELA GAMARMALAMU, ID","2022-07",,,,,"0","30","10",,"92",,,,,"88.2",
"IDM00097406","GALELA GAMARMALAMU, ID","2022-08",,,,,"0","31","14",,"92",,,,,"89.0",
"IDM00097406","GALELA GAMARMALAMU, ID","2022-09",,,,,"0","30","21",,"93",,,,,"90.3",
"IDM00097406","GALELA GAMARMALAMU, ID","2022-10",,,,,"0","30","23",,"93",,,,,"90.0",
"IDM00097760","KAIMANA, ID","2022-01",,,,,"0","28","21",,"97",,,,,"92.0",
"IDM00097760","KAIMANA, ID","2022-02",,,,,"0","24","16",,"96",,,,,"90.8",
"IDM00097760","KAIMANA, ID","2022-03",,,,,"0","29","25",,"95",,,,,"91.1",
"IDM00097760","KAIMANA, ID","2022-04",,,,,"0","29","7",,"93",,,,,"89.3",
"IDM00097760","KAIMANA, ID","2022-05",,,,,"0","30","9",,"93",,,,,"89.3",
"IDM00097760","KAIMANA, ID","2022-06",,,,,"0","29","3",,"91",,,,,"88.3",
"IDM00097760","KAIMANA, ID","2022-07",,,,,"0","30","0",,"89",,,,,"84.7",
"IDM00097760","KAIMANA, ID","2022-08",,,,,"0","31","0",,"88",,,,,"85.4",
"IDM00097760","KAIMANA, ID","2022-09",,,,,"0","30","4",,"92",,,,,"88.2",
"IDM00097760","KAIMANA, ID","2022-10",,,,,"0","29","22",,"94",,,,,"90.6",
"IDM00097008","NAHA, ID","2022-01",,,,,"0","28","1",,"90",,,,,"86.0",
"IDM00097008","NAHA, ID","2022-02",,,,,"0","25","0",,"87",,,,,"84.4",
"IDM00097008","NAHA, ID","2022-03",,,,,"0","29","0",,"90",,,,,"86.8",
"IDM00097008","NAHA, ID","2022-04",,,"0","0","0","29","2","73","91",,,,"81.4","87.6","75.1"
"IDM00097008","NAHA, ID","2022-05",,,,,"0","31","1",,"91",,,,,"86.7",
"IDM00097008","NAHA, ID","2022-06",,,,,"0","30","0",,"89",,,,,"88.0",
"IDM00097008","NAHA, ID","2022-07",,"426","0","0","0","31","7","73","91","0","0",,"81.3","88.0","74.6"
"IDM00097008","NAHA, ID","2022-08",,,,,"0","31","3",,"91",,,,,"87.1",
"IDM00097008","NAHA, ID","2022-09",,,,,"0","30","3",,"91",,,,,"88.4",
"IDM00097008","NAHA, ID","2022-10",,,,,"0","26","7",,"92",,,,,"88.8",
"ID000096145","TAREMPA, ID","2022-01","406","406","0","0","0","31","1","73","92",,"0",,"80.6","85.2","75.9"
"ID000096145","TAREMPA, ID","2022-02","766","360","0","0","0","27","0","74","89",,"0",,"80.5","84.9","76.0"
"ID000096145","TAREMPA, ID","2022-03",,,,,"0","30","7",,"96",,,,,"87.8",
"ID000096145","TAREMPA, ID","2022-05",,,,,"0","30","25",,"94",,,,,"91.4",
"ID000096145","TAREMPA, ID","2022-06",,,,,"0","29","19",,"93",,,,,"90.1",
"ID000096145","TAREMPA, ID","2022-07",,"514","0","0","0","31","23","75","94","0","0",,"84.1","90.6","77.7"
"ID000096145","TAREMPA, ID","2022-08",,,,,"0","30","9",,"94",,,,,"88.5",
"ID000096145","TAREMPA, ID","2022-09",,"472","0","0","0","29","15","73","92",,"0",,"83.0","89.2","76.9"
"ID000096145","TAREMPA, ID","2022-10",,,,,"0","29","2",,"90",,,,,"86.9",
"IDM00096237","PANGKALPINANG, ID","2022-01",,,,,"0","31","6",,"92",,,,,"87.8",
"IDM00096237","PANGKALPINANG, ID","2022-02",,,,,"0","27","7",,"92",,,,,"88.8",
"IDM00096237","PANGKALPINANG, ID","2022-03",,,,,"0","28","14",,"92",,,,,"89.4",
"IDM00096237","PANGKALPINANG, ID","2022-04",,,,,"0","27","20",,"93",,,,,"90.5",
"IDM00096237","PANGKALPINANG, ID","2022-05",,,,,"0","28","18",,"94",,,,,"90.0",
"IDM00096237","PANGKALPINANG, ID","2022-06",,,,,"0","30","15",,"92",,,,,"88.5",
"IDM00096237","PANGKALPINANG, ID","2022-07",,,,,"0","31","17",,"92",,,,,"89.1",
"IDM00096237","PANGKALPINANG, ID","2022-08",,,,,"0","31","12",,"92",,,,,"89.3",
"IDM00096237","PANGKALPINANG, ID","2022-09",,,,,"0","30","12",,"93",,,,,"89.3",
"IDM00096237","PANGKALPINANG, ID","2022-10",,,,,"0","30","7",,"91",,,,,"88.1",
"IDM00096633","SEPINGGAN, ID","2022-01",,,,,"0","30","7",,"92",,,,,"87.8",
"IDM00096633","SEPINGGAN, ID","2022-02",,,,,"0","24","3",,"92",,,,,"87.4",
"IDM00096633","SEPINGGAN, ID","2022-03",,,,,"0","30","8",,"91",,,,,"88.5",
"IDM00096633","SEPINGGAN, ID","2022-05",,,,,"0","27","9",,"92",,,,,"88.6",
"IDM00096633","SEPINGGAN, ID","2022-06",,,,,"0","29","5",,"90",,,,,"88.2",
"IDM00096633","SEPINGGAN, ID","2022-07",,,,,"0","27","2",,"90",,,,,"86.9",
"IDM00096633","SEPINGGAN, ID","2022-08",,,,,"0","29","0",,"89",,,,,"86.4",
"IDM00096633","SEPINGGAN, ID","2022-09",,,,,"0","26","4",,"91",,,,,"87.7",
"IDM00096633","SEPINGGAN, ID","2022-10",,,,,"0","26","6",,"91",,,,,"87.6",
"IDM00096797","TEGAL, ID","2022-01",,,,,"0","29","9",,"94",,,,,"89.1",
"IDM00096797","TEGAL, ID","2022-02",,,,,"0","27","3",,"93",,,,,"87.9",
"IDM00096797","TEGAL, ID","2022-03",,,,,"0","29","14",,"95",,,,,"89.9",
"IDM00096797","TEGAL, ID","2022-04",,,,,"0","26","20",,"94",,,,,"90.4",
"IDM00096797","TEGAL, ID","2022-05",,,,,"0","30","25",,"95",,,,,"90.9",
"IDM00096797","TEGAL, ID","2022-06",,,,,"0","28","19",,"92",,,,,"90.1",
"IDM00096797","TEGAL, ID","2022-07",,,,,"0","29","14",,"94",,,,,"90.0",
"IDM00096797","TEGAL, ID","2022-08",,"479","0","0","0","31","20","75","95",,"0",,"83.4","90.5","76.2"
"IDM00096797","TEGAL, ID","2022-09",,"472","0","0","0","28","20","76","96",,"0",,"83.9","90.9","76.9"
"IDM00096797","TEGAL, ID","2022-10",,,,,"0","29","21",,"94",,,,,"90.5",
